time,u,y,x1,x2
25,0.8032075315,1.503018484,1.503018484,-0.5676171133
25.025,0.7664133965,1.488695955,1.488695955,-0.578297739
25.05,0.7268785206,1.474097698,1.474097698,-0.5896861632
25.075,0.6847358392,1.45920522,1.45920522,-0.6018456137
25.1,0.6401281368,1.443998492,1.443998492,-0.6148359993
25.125,0.5932075967,1.428456024,1.428456024,-0.6287138328
25.15,0.5441353132,1.412554962,1.412554962,-0.6435321437
25.175,0.4930807679,1.396271167,1.396271167,-0.6593404113
25.2,0.4402212718,1.379579308,1.379579308,-0.6761845081
25.225,0.3857413749,1.362452957,1.362452957,-0.6941066452
25.25,0.3298322447,1.34486467,1.34486467,-0.7131453406
25.275,0.2726910161,1.326786094,1.326786094,-0.733335384
25.3,0.2145201144,1.308188047,1.308188047,-0.7547078189
25.325,0.1555265542,1.289040621,1.289040621,-0.7772899296
25.35,0.09592121596,1.269313274,1.269313274,-0.8011052333
25.375,0.03591810251,1.248974917,1.248974917,-0.8261734792
25.4,-0.02426642103,1.227994024,1.227994024,-0.8525106496
25.425,-0.08441440223,1.206338708,1.206338708,-0.8801289613
25.45,-0.1443070879,1.183976827,1.183976827,-0.9090368666
25.475,-0.2037257198,1.160876078,1.160876078,-0.9392390484
25.5,-0.2624523363,1.137004081,1.137004081,-0.9707364113
25.525,-0.3202705777,1.112328487,1.112328487,-1.003526056
25.55,-0.3769664911,1.086817064,1.086817064,-1.037601249
25.575,-0.4323293333,1.060437799,1.060437799,-1.072951366
25.6,-0.4861523673,1.033158993,1.033158993,-1.109561815
25.625,-0.5382336507,1.004949359,1.004949359,-1.14741395
25.65,-0.5883768117,0.9757781369,0.9757781369,-1.186484916
25.675,-0.6363918106,0.9456151822,0.9456151822,-1.226747517
25.7,-0.6820956836,0.9144310938,0.9144310938,-1.268169987
25.725,-0.7253132654,0.8821973211,0.8821973211,-1.310715764
25.75,-0.7658778889,0.8488862898,0.8488862898,-1.354343197
25.775,-0.8036320575,0.8144715386,0.8144715386,-1.399005188
25.8,-0.8384280884,0.778927848,0.778927848,-1.444648838
25.825,-0.8701287245,0.7422314076,0.7422314076,-1.491214942
25.85,-0.8986077107,0.7043599615,0.7043599615,-1.538637536
25.875,-0.9237503335,0.6652930023,0.6652930023,-1.586843278
25.9,-0.9454539215,0.6250119466,0.6250119466,-1.635750859
25.925,-0.9636283033,0.5835003581,0.5835003581,-1.685270281
25.95,-0.9781962218,0.5407441594,0.5407441594,-1.735302146
25.975,-0.989093703,0.496731891,0.496731891,-1.785736826
26,-0.9962703765,0.4514549637,0.4514549637,-1.836453668
26.025,-0.9996897465,0.4049079572,0.4049079572,-1.887320092
26.05,-0.9993294127,0.3570889203,0.3570889203,-1.93819074
26.075,-0.9951812378,0.3079997059,0.3079997059,-1.98890658
26.1,-0.9872514627,0.2576463235,0.2576463235,-2.039294064
26.125,-0.9755607668,0.2060393086,0.2060393086,-2.08916434
26.15,-0.9601442733,0.1531941188,0.1531941188,-2.138312544
26.175,-0.9410514995,0.09913153941,0.09913153941,-2.186517228
26.2,-0.9183462501,0.04387810242,0.04387810242,-2.233539969
26.225,-0.8921064561,-0.01253348445,-0.01253348445,-2.279125192
26.25,-0.8624239561,-0.0700639107,-0.0700639107,-2.323000282
26.275,-0.8294042238,-0.1286668418,-0.1286668418,-2.364876032
26.3,-0.793166039,-0.1882885142,-0.1882885142,-2.404447493
26.325,-0.7538411059,-0.248867356,-0.248867356,-2.441395282
26.35,-0.7115736165,-0.3103336504,-0.3103336504,-2.475387379
26.375,-0.6665197641,-0.3726092448,-0.3726092448,-2.506081583
26.4,-0.6188472042,-0.4356073356,-0.4356073356,-2.533128424
26.425,-0.5687344682,-0.4992323288,-0.4992323288,-2.556174851
26.45,-0.5163703291,-0.5633798034,-0.5633798034,-2.574868486
26.475,-0.4619531229,-0.6279365867,-0.6279365867,-2.588862492
26.5,-0.4056900268,-0.6927809611,-0.6927809611,-2.597821043
26.525,-0.3477962977,-0.7577830128,-0.7577830128,-2.601425278
26.55,-0.2884944727,-0.8228051341,-0.8228051341,-2.599379627
26.575,-0.2280135355,-0.8877026875,-0.8877026875,-2.591418374
26.6,-0.1665880507,-0.9523248342,-0.9523248342,-2.577312271
26.625,-0.1044572694,-1.016515528,-1.016515528,-2.556875001
26.65,-0.04186421005,-1.080114665,-1.080114665,-2.529969249
26.675,-0.02093955708,-1.142959865,-1.142959865,-2.496686844
26.7,-0.08363218903,-1.204916441,-1.204916441,-2.459265122
26.725,-0.1459442242,-1.265894465,-1.265894465,-2.418405749
26.75,-0.2076315965,-1.32580836,-1.32580836,-2.374143093
26.775,-0.2684536957,-1.384573801,-1.384573801,-2.326543265
26.8,-0.3281742944,-1.442108519,-1.442108519,-2.27570401
26.825,-0.386562451,-1.49833307,-1.49833307,-2.221753943
26.85,-0.4433933852,-1.553171602,-1.553171602,-2.164851118
26.875,-0.4984493227,-1.606552558,-1.606552558,-2.105180944
26.9,-0.5515203067,-1.658409333,-1.658409333,-2.04295351
26.925,-0.6024049718,-1.708680848,-1.708680848,-1.978400407
26.95,-0.6509112798,-1.757312047,-1.757312047,-1.911771098
26.975,-0.6968572128,-1.804254293,-1.804254293,-1.843328935
27,-0.7400714222,-1.849465662,-1.849465662,-1.773347047
27.025,-0.7803938319,-1.892911135,-1.892911135,-1.702104028
27.05,-0.8176761928,-1.934562686,-1.934562686,-1.629879734
27.075,-0.8517825869,-1.974399256,-1.974399256,-1.55695121
27.1,-0.8825898814,-2.012406633,-2.012406633,-1.48358879
27.125,-0.9099881279,-2.048577252,-2.048577252,-1.41005267
27.15,-0.9338809096,-2.082909881,-2.082909881,-1.336589707
27.175,-0.9541856328,-2.115409276,-2.115409276,-1.263430851
27.2,-0.9708337632,-2.146085738,-2.146085738,-1.190788929
27.225,-0.9837710066,-2.174954645,-2.174954645,-1.118857012
27.25,-0.9929574334,-2.202035945,-2.202035945,-1.047807258
27.275,-0.9983675474,-2.22735362,-2.22735362,-0.9777902257
27.3,-0.999990299,-2.250935141,-2.250935141,-0.9089346598
27.325,-0.9978290427,-2.27281093,-2.27281093,-0.8413476694
27.35,-0.9919014407,-2.293013819,-2.293013819,-0.775115272
27.375,-0.9822393121,-2.311578536,-2.311578536,-0.7103032474
27.4,-0.9688884301,-2.328541211,-2.328541211,-0.6469582376
27.425,-0.9519082674,-2.343938917,-2.343938917,-0.5851090433
27.45,-0.9313716921,-2.357809236,-2.357809236,-0.5247680792
27.475,-0.9073646145,-2.370189873,-2.370189873,-0.46593291
27.5,-0.8799855883,-2.381118303,-2.381118303,-0.4085878377
27.525,-0.8493453664,-2.390631458,-2.390631458,-0.3527055266
27.55,-0.8155664147,-2.398765459,-2.398765459,-0.2982485799
27.575,-0.7787823855,-2.405555384,-2.405555384,-0.2451710708
27.6,-0.7391375524,-2.411035068,-2.411035068,-0.1934200496
27.625,-0.6967862107,-2.415236953,-2.415236953,-0.1429368811
27.65,-0.6518920441,-2.418191954,-2.418191954,-0.09365856845
27.675,-0.6046274617,-2.419929371,-2.419929371,-0.04551891426
27.7,-0.5551729068,-2.420476819,-2.420476819,0.00155040745
27.725,-0.5037161424,-2.419860191,-2.419860191,0.04761889589
27.75,-0.4504515131,-2.418103633,-2.418103633,0.09275638099
27.775,-0.3955791902,-2.415229551,-2.415229551,0.137032289
27.8,-0.3393043994,-2.411258628,-2.411258628,0.1805150117
27.825,-0.2818366368,-2.406209853,-2.406209853,0.2232713748
27.85,-0.2233888743,-2.400100571,-2.400100571,0.2653661961
27.875,-0.1641767588,-2.392946535,-2.392946535,0.3068619291
27.9,-0.1044178074,-2.384761968,-2.384761968,0.3478183825
27.925,-0.04433060212,-2.375559634,-2.375559634,0.38829251
27.95,0.01586601341,-2.365350911,-2.365350911,0.4283382604
27.975,0.07595373191,-2.354145867,-2.354145867,0.4680064829
28,0.1357155724,-2.341953335,-2.341953335,0.5073448802
28.025,0.1949366594,-2.328780999,-2.328780999,0.546398002
28.05,0.2534049882,-2.314635466,-2.314635466,0.5852072743
28.075,0.3109121743,-2.299522347,-2.299522347,0.6238110569
28.1,0.3672541833,-2.28344633,-2.28344633,0.6622447258
28.125,0.4222320404,-2.266411257,-2.266411257,0.7005407753
28.15,0.4756525155,-2.24842019,-2.24842019,0.7387289318
28.175,0.5273287822,-2.229475483,-2.229475483,0.7768362859
28.2,0.5770810494,-2.209578843,-2.209578843,0.8148874205
28.225,0.6247371619,-2.188731394,-2.188731394,0.8529045583
28.25,0.6701331699,-2.166933731,-2.166933731,0.8909076929
28.275,0.7131138637,-2.144185977,-2.144185977,0.9289147391
28.3,0.7535332739,-2.120487828,-2.120487828,0.9669416568
28.325,0.7912551345,-2.09583861,-2.09583861,1.005002596
28.35,0.8261533072,-2.070237311,-2.070237311,1.043110005
28.375,0.8581121678,-2.043682631,-2.043682631,1.081274759
28.4,0.8870269507,-2.016173017,-2.016173017,1.119506257
28.425,0.9128040533,-1.987706695,-1.987706695,1.157812512
28.45,0.935361298,-1.958281712,-1.958281712,1.196200239
28.475,0.9546281526,-1.927895958,-1.927895958,1.234674909
28.5,0.9705459063,-1.896547205,-1.896547205,1.273240805
28.525,0.9830678047,-1.864233132,-1.864233132,1.311901056
28.55,0.9921591403,-1.830951349,-1.830951349,1.350657639
28.575,0.9977973004,-1.79669944,-1.79669944,1.389511385
28.6,0.9999717727,-1.761474973,-1.761474973,1.428461952
28.625,0.998684108,-1.725275548,-1.725275548,1.467507762
28.65,0.993947841,-1.688098815,-1.688098815,1.506645946
28.675,0.985788371,-1.649942515,-1.649942515,1.545872245
28.7,0.9742428006,-1.610804516,-1.610804516,1.585180862
28.725,0.9593597365,-1.570682849,-1.570682849,1.624564347
28.75,0.9411990512,-1.529575751,-1.529575751,1.664013394
28.775,0.9198316079,-1.487481727,-1.487481727,1.703516614
28.8,0.8953389493,-1.444399583,-1.444399583,1.743060335
28.825,0.8678129522,-1.400328507,-1.400328507,1.782628269
28.85,0.8373554494,-1.355268127,-1.355268127,1.82220123
28.875,0.80407782,-1.309218589,-1.309218589,1.861756789
28.9,0.7681005504,-1.262180649,-1.262180649,1.901268834
28.925,0.7295527674,-1.21415576,-1.21415576,1.940707216
28.95,0.6885717459,-1.165146189,-1.165146189,1.980037222
28.975,0.6453023919,-1.115155133,-1.115155133,2.019219102
29,0.5998967044,-1.064186844,-1.064186844,2.058207543
29.025,0.5525132167,-1.012246795,-1.012246795,2.09695105
29.05,0.5033164206,-0.9593418155,-0.9593418155,2.135391423
29.075,0.4524761744,-0.905480294,-0.905480294,2.173463055
29.1,0.4001670981,-0.8506723466,-0.8506723466,2.211092366
29.125,0.3465679562,-0.7949300445,-0.7949300445,2.248197106
29.15,0.291861033,-0.7382676227,-0.7382676227,2.284685754
29.175,0.2362314994,-0.6807017334,-0.6807017334,2.320456872
29.2,0.1798667763,-0.6222516881,-0.6222516881,2.355398544
29.225,0.1229558948,-0.5629397396,-0.5629397396,2.389387831
29.25,0.06568885654,-0.5027913499,-0.5027913499,2.422290339
29.275,0.008255995338,-0.4418354942,-0.4418354942,2.453959863
29.3,-0.04915265646,-0.3801049471,-0.3801049471,2.484238187
29.325,-0.1063479961,-0.3176365934,-0.3176365934,2.512955039
29.35,-0.1631424702,-0.2544717225,-0.2544717225,2.53992825
29.375,-0.2193506844,-0.1906563221,-0.1906563221,2.564964142
29.4,-0.2747900012,-0.1262413612,-0.1262413612,2.587858203
29.425,-0.3292811236,-0.06128304509,-0.06128304509,2.608396039
29.45,-0.3826486631,0.004156949725,0.004156949725,2.626354708
29.475,-0.4347216905,0.07001128343,0.07001128343,2.641504382
29.5,-0.4853342671,0.1362068057,0.1362068057,2.653610413
29.525,-0.5343259558,0.2026644652,0.2026644652,2.66243581
29.55,-0.5815423096,0.269299286,0.269299286,2.667744107
29.575,-0.6268353367,0.3360204205,0.3360204205,2.669302627
29.6,-0.6700639411,0.402731289,0.402731289,2.6668861
29.625,-0.7110943364,0.4693298131,0.4693298131,2.660280608
29.65,-0.7498004331,0.5357087524,0.5357087524,2.649287773
29.675,-0.7860641977,0.6017561463,0.6017561463,2.633729105
29.7,-0.8197759822,0.6673558663,0.6673558663,2.613450412
29.725,-0.8508348247,0.7323882783,0.7323882783,2.588326144
29.75,-0.8791487186,0.7967310106,0.7967310106,2.558263543
29.775,-0.9046348509,0.8602598233,0.8602598233,2.523206454
29.8,-0.9272198099,0.9228495652,0.9228495652,2.483138648
29.825,-0.9468397595,0.9843752071,0.9843752071,2.438086513
29.85,-0.9634405822,1.044712934,1.044712934,2.388120992
29.875,-0.9769779899,1.103741271,1.103741271,2.33335866
29.9,-0.987417602,1.161342233,1.161342233,2.27396184
29.925,-0.9947349914,1.217402456,1.217402456,2.210137729
29.95,-0.9989156983,1.271814299,1.271814299,2.142136502
29.975,-0.9999552124,1.324476882,1.324476882,2.070248438
30,-0.9978589232,1.375297044,1.375297044,1.994800132
30.025,-0.9926420403,1.424190197,1.424190197,1.916149877
30.05,-0.9843294817,1.471081055,1.471081055,1.834682377
30.075,-0.9729557343,1.515904213,1.515904213,1.750802964
30.1,-0.9585646834,1.5586046,1.5586046,1.664931472
30.125,-0.9412094159,1.599137752,1.599137752,1.577495906
30.15,-0.9209519947,1.637469946,1.637469946,1.488926327
30.175,-0.8978632077,1.673578171,1.673578171,1.399648692
30.2,-0.8720222911,1.707449954,1.707449954,1.310079357
30.225,-0.8435166292,1.73908306,1.73908306,1.220619863
30.25,-0.8124414304,1.768485054,1.768485054,1.131652476
30.275,-0.7788993824,1.795672785,1.795672785,1.043536376
30.3,-0.7430002863,1.82067175,1.82067175,0.9566045503
30.325,-0.7048606721,1.843515427,1.843515427,0.871161499
30.35,-0.6646033965,1.864244527,1.864244527,0.7874816064
30.375,-0.6223572244,1.882906236,1.882906236,0.7058082562
30.4,-0.5782563954,1.899553437,1.899553437,0.6263535554
30.425,-0.5324401779,1.914243922,1.914243922,0.5492986472
30.45,-0.4850524104,1.927039633,1.927039633,0.4747944983
30.475,-0.4362410331,1.938005927,1.938005927,0.4029630995
30.5,-0.3861576112,1.947210857,1.947210857,0.3338990098
30.525,-0.3349568504,1.954724519,1.954724519,0.2676710966
30.55,-0.2827961073,1.960618429,1.960618429,0.204324509
30.575,-0.2298348957,1.964964956,1.964964956,0.1438827029
30.6,-0.1762343904,1.967836807,1.967836807,0.08634952216
30.625,-0.1221569304,1.969306561,1.969306561,0.03171129027
30.65,-0.0677655226,1.969446257,1.969446257,-0.02006117367
30.675,-0.01322334712,1.968327031,1.968327031,-0.0690106062
30.7,0.04130673278,1.966018801,1.966018801,-0.115191462
30.725,0.09566265639,1.962589995,1.962589995,-0.1586682009
30.75,0.1496836446,1.95810732,1.95810732,-0.1995137105
30.775,0.2032106708,1.952635572,1.952635572,-0.2378078705
30.8,0.2560869233,1.946237476,1.946237476,-0.2736362603
30.825,0.3081582559,1.938973557,1.938973557,-0.307089008
30.85,0.3592736282,1.930902042,1.930902042,-0.3382597706
30.875,0.409285532,1.922078783,1.922078783,-0.3672448456
30.9,0.4580504037,1.912557196,1.912557196,-0.394142405
30.925,0.505429022,1.902388231,1.902388231,-0.4190518308
30.95,0.5512868883,1.891620339,1.891620339,-0.4420731547
30.975,0.5954945915,1.880299472,1.880299472,-0.4633065927
31,0.6379281529,1.868469075,1.868469075,-0.4828521439
31.025,0.6784693539,1.856170101,1.856170101,-0.5008092772
31.05,0.7170060423,1.843441026,1.843441026,-0.5172766623
31.075,0.7534324197,1.830317868,1.830317868,-0.5323519634
31.1,0.7876493065,1.816834224,1.816834224,-0.54613167
31.125,0.8195643867,1.803021288,1.803021288,-0.5587109692
31.15,0.849092429,1.788907897,1.788907897,-0.5701836422
31.175,0.8761554866,1.774520558,1.774520558,-0.5806419941
31.2,0.9006830738,1.759883493,1.759883493,-0.5901767903
31.225,0.9226123189,1.745018671,1.745018671,-0.5988772226
31.25,0.9418880945,1.729945854,1.729945854,-0.6068308739
31.275,0.9584631237,1.714682634,1.714682634,-0.6141236969
31.3,0.9722980633,1.699244473,1.699244473,-0.6208399991
31.325,0.9833615624,1.683644749,1.683644749,-0.6270624251
31.35,0.991630299,1.667894793,1.667894793,-0.6328719457
31.375,0.997088992,1.652003931,1.652003931,-0.638347846
31.4,0.9997303906,1.635979533,1.635979533,-0.6435677064
31.425,0.9995552407,1.619827048,1.619827048,-0.6486073903
31.45,0.9965722288,1.603550046,1.603550046,-0.6535410258
31.475,0.9907979038,1.587150276,1.587150276,-0.6584409774
31.5,0.9822565774,1.570627691,1.570627691,-0.6633778286
31.525,0.9709802023,1.553980503,1.553980503,-0.668420354
31.55,0.9570082313,1.537205234,1.537205234,-0.673635482
31.575,0.9403874552,1.520296749,1.520296749,-0.6790882717
31.6,0.921171822,1.503248312,1.503248312,-0.6848418774
31.625,0.8994222376,1.486051637,1.486051637,-0.690957507
31.65,0.8752063479,1.468696926,1.468696926,-0.6974943956
31.675,0.8485983052,1.451172929,1.451172929,-0.7045097647
31.7,0.8196785169,1.433466991,1.433466991,-0.7120587853
31.725,0.7885333802,1.4155651,1.4155651,-0.7201945489
31.75,0.7552550018,1.397451948,1.397451948,-0.7289680274
31.775,0.7199409038,1.379110977,1.379110977,-0.7384280463
31.8,0.6826937183,1.360524435,1.360524435,-0.7486212542
31.825,0.6436208692,1.341673434,1.341673434,-0.7595920924
31.85,0.6028342441,1.322537998,1.322537998,-0.7713827749
31.875,0.560449857,1.303097129,1.303097129,-0.7840332621
31.9,0.5165875023,1.283328855,1.283328855,-0.7975812421
31.925,0.4713704011,1.263210292,1.263210292,-0.8120621143
31.95,0.424924842,1.242717699,1.242717699,-0.8275089698
31.975,0.3773798158,1.221826536,1.221826536,-0.8439525807
32,0.3288666467,1.200511526,1.200511526,-0.8614213834
32.025,0.2795186201,1.178746707,1.178746707,-0.8799414636
32.05,0.2294706082,1.156505493,1.156505493,-0.899536544
32.075,0.1788586947,1.133760742,1.133760742,-0.9202279604
32.1,0.1278198,1.110484801,1.110484801,-0.9420346446
32.125,0.07649130656,1.086649577,1.086649577,-0.9649730941
32.15,0.02501068702,1.062226598,1.062226598,-0.9890573341
32.175,-0.02648486485,1.037187066,1.037187066,-1.01429888
32.2,-0.07785879914,1.011501934,1.011501934,-1.040706672
32.225,-0.1289755699,0.9851419609,0.9851419609,-1.068287008
32.25,-0.179700989,0.9580777813,0.9580777813,-1.097043464
32.275,-0.2299025739,0.93027998,0.93027998,-1.126976766
32.3,-0.279449887,0.9017191537,0.9017191537,-1.15808469
32.325,-0.3282148668,0.8723660003,0.8723660003,-1.190361877
32.35,-0.3760721498,0.8421913877,0.8421913877,-1.22379967
32.375,-0.4228993826,0.8111664452,0.8111664452,-1.258385889
32.4,-0.4685775225,0.7792626553,0.7792626553,-1.29410457
32.425,-0.5129911275,0.7464519449,0.7464519449,-1.330935697
32.45,-0.5560286333,0.7127068024,0.7127068024,-1.368854829
32.475,-0.5975826186,0.6780003786,0.6780003786,-1.407832765
32.5,-0.6375500561,0.6423066261,0.6423066261,-1.447835065
32.525,-0.6758325504,0.6056004217,0.6056004217,-1.48882161
32.55,-0.712336561,0.567857728,0.567857728,-1.530746034
32.575,-0.7469736115,0.5290557454,0.5290557454,-1.573555156
32.6,-0.7796604825,0.4891731011,0.4891731011,-1.61718831
32.625,-0.8103193901,0.4481900341,0.4481900341,-1.66157667
32.65,-0.8388781481,0.4060886196,0.4060886196,-1.706642465
32.675,-0.8652703141,0.3628529919,0.3628529919,-1.752298208
32.7,-0.88943532,0.3184696068,0.3184696068,-1.798445824
32.725,-0.911318585,0.2729275112,0.2729275112,-1.844975794
32.75,-0.9308716137,0.2262186425,0.2262186425,-1.891766251
32.775,-0.948052076,0.1783381499,0.1783381499,-1.938682079
32.8,-0.9628238718,0.1292847336,0.1292847336,-1.985574039
32.825,-0.9751571778,0.07906101084,0.07906101084,-2.03227792
32.85,-0.9850284792,0.02767389984,0.02767389984,-2.078613769
32.875,-0.9924205836,-0.02486497912,-0.02486497912,-2.124385233
32.9,-0.9973226199,-0.07853888604,-0.07853888604,-2.169379031
32.925,-0.9997300201,-0.1333255339,-0.1333255339,-2.213364632
32.95,-0.9996444859,-0.1891966551,-0.1891966551,-2.25609416
32.975,-0.9970739393,-0.2461175706,-0.2461175706,-2.2973026
33,-0.9920324584,-0.3040467672,-0.3040467672,-2.33670835
33.025,-0.9845401976,-0.3629354931,-0.3629354931,-2.374014184
33.05,-0.9746232936,-0.422727385,-0.422727385,-2.408908658
33.075,-0.9623137573,-0.4833581367,-0.4833581367,-2.441068065
33.1,-0.9476493518,-0.544755219,-0.544755219,-2.470158912
33.125,-0.9306734568,-0.6068376762,-0.6068376762,-2.495840977
33.15,-0.9114349209,-0.6695160009,-0.6695160009,-2.517771043
33.175,-0.889987901,-0.7326921104,-0.7326921104,-2.535607131
33.2,-0.8663916902,-0.7962594386,-0.7962594386,-2.54901337
33.225,-0.8407105347,-0.8601031553,-0.8601031553,-2.557665391
33.25,-0.8130134397,-0.9241005243,-0.9241005243,-2.561256106
33.275,-0.7833739655,-0.9881214112,-0.9881214112,-2.559501829
33.3,-0.7518700145,-1.052028947,-1.052028947,-2.55214855
33.325,-0.7185836091,-1.115680351,-1.115680351,-2.538978195
33.35,-0.6836006616,-1.1789279,-1.1789279,-2.519814655
33.375,-0.647010737,-1.241620055,-1.241620055,-2.49452937
33.4,-0.6089068084,-1.303602705,-1.303602705,-2.463046248
33.425,-0.5693850072,-1.364720539,-1.364720539,-2.425345681
33.45,-0.5285443673,-1.424818491,-1.424818491,-2.381467473
33.475,-0.4864865646,-1.483743255,-1.483743255,-2.331512482
33.5,-0.4433156531,-1.54134481,-1.54134481,-2.275642868
33.525,-0.399137797,-1.597477946,-1.597477946,-2.214080854
33.55,-0.3540610005,-1.652003731,-1.652003731,-2.147106006
33.575,-0.3081948362,-1.704790899,-1.704790899,-2.075051061
33.6,-0.2616501709,-1.755717109,-1.755717109,-1.998296431
33.625,-0.2145388926,-1.804670059,-1.804670059,-1.91726356
33.65,-0.1669736363,-1.851548419,-1.851548419,-1.832407367
33.675,-0.1190675111,-1.896262563,-1.896262563,-1.744208049
33.7,-0.07093382869,-1.938735099,-1.938735099,-1.653162428
33.725,-0.02268583407,-1.978901173,-1.978901173,-1.559775362
33.75,0.02556356137,-2.016708561,-2.016708561,-1.464551247
33.775,0.07370204312,-2.052117563,-2.052117563,-1.367986009
33.8,0.1216181531,-2.085100694,-2.085100694,-1.270559862
33.825,0.1692015448,-2.115642207,-2.115642207,-1.172730795
33.85,0.2163432328,-2.143737471,-2.143737471,-1.074929162
33.875,0.2629358376,-2.169392222,-2.169392222,-0.9775533044
33.9,0.3088738239,-2.19262172,-2.19262172,-0.8809662385
33.925,0.3540537318,-2.213449831,-2.213449831,-0.7854934507
33.95,0.3983744018,-2.231908079,-2.231908079,-0.691421696
33.975,0.4417371918,-2.248034666,-2.248034666,-0.5989987227
34,0.4840461861,-2.261873509,-2.261873509,-0.5084338179
34.025,0.5252083961,-2.273473285,-2.273473285,-0.419899054
34.05,0.5651339528,-2.282886528,-2.282886528,-0.3335310993
34.075,0.6037362892,-2.290168768,-2.290168768,-0.2494334602
34.1,0.6409323142,-2.295377736,-2.295377736,-0.16767906
34.125,0.6766425762,-2.298572631,-2.298572631,-0.08831301463
34.15,0.7107914173,-2.299813463,-2.299813463,-0.01135549933
34.175,0.743307117,-2.299160467,-2.299160467,0.06319533765
34.2,0.7741220249,-2.296673582,-2.296673582,0.1353605288
34.225,0.8031726842,-2.292412012,-2.292412012,0.2051775429
34.25,0.8303999429,-2.286433848,-2.286433848,0.2726976898
34.275,0.8557490551,-2.278795748,-2.278795748,0.3379837048
34.3,0.8791697709,-2.269552683,-2.269552683,0.4011075334
34.325,0.9006164153,-2.258757732,-2.258757732,0.462148325
34.35,0.9200479558,-2.246461922,-2.246461922,0.52119064
34.375,0.9374280592,-2.232714118,-2.232714118,0.5783228657
34.4,0.9527251369,-2.217560939,-2.217560939,0.6336358338
34.425,0.9659123791,-2.201046719,-2.201046719,0.6872216292
34.45,0.9769677783,-2.183213482,-2.183213482,0.739172575
34.475,0.9858741409,-2.164100949,-2.164100949,0.7895803796
34.5,0.9926190894,-2.143746568,-2.143746568,0.8385354278
34.525,0.9971950519,-2.122185546,-2.122185546,0.8861262037
34.55,0.999599243,-2.099450909,-2.099450909,0.9324388289
34.575,0.9998336324,-2.07557356,-2.07557356,0.9775566984
34.6,0.9979049047,-2.050582359,-2.050582359,1.021560201
34.625,0.9938244081,-2.024504193,-2.024504193,1.064526515
34.65,0.9876080939,-1.997364061,-1.997364061,1.106529464
34.675,0.9792764466,-1.96918516,-1.96918516,1.147639415
34.7,0.9688544036,-1.939988973,-1.939988973,1.187923228
34.725,0.9563712676,-1.909795355,-1.909795355,1.227444225
34.75,0.9418606084,-1.87862262,-1.87862262,1.266262186
34.775,0.9253601582,-1.846487634,-1.846487634,1.304433363
34.8,0.9069116972,-1.813405901,-1.813405901,1.342010497
34.825,0.886560933,-1.779391649,-1.779391649,1.379042848
34.85,0.8643573711,-1.744457916,-1.744457916,1.415576209
34.875,0.8403541799,-1.708616642,-1.708616642,1.451652936
34.9,0.8146080482,-1.671878749,-1.671878749,1.487311945
34.925,0.7871790367,-1.63425423,-1.63425423,1.522588718
34.95,0.7581304239,-1.59575223,-1.59575223,1.557515279
34.975,0.7275285466,-1.556381145,-1.556381145,1.592120156
35,0.695442635,-1.516148694,-1.516148694,1.626428332
35.025,0.661944644,-1.475062022,-1.475062022,1.660461152
35.05,0.6271090794,-1.433127784,-1.433127784,1.694236232
35.075,0.5910128214,-1.390352242,-1.390352242,1.727767326
35.1,0.553734944,-1.346741369,-1.346741369,1.761064161
35.125,0.5153565321,-1.302300938,-1.302300938,1.794132273
35.15,0.4759604958,-1.25703665,-1.25703665,1.826972766
35.175,0.435631383,-1.210954225,-1.210954225,1.859582105
35.2,0.3944551901,-1.16405954,-1.16405954,1.891951815
35.225,0.3525191721,-1.116358745,-1.116358745,1.924068206
35.25,0.309911651,-1.067858399,-1.067858399,1.955912041
35.275,0.2667218251,-1.018565622,-1.018565622,1.987458178
35.3,0.2230395775,-0.9684882305,-0.9684882305,2.018675228
35.325,0.1789552855,-0.9176349182,-0.9176349182,2.049525127
35.35,0.1345596308,-0.8660154074,-0.8660154074,2.079962779
35.375,0.08994341075,-0.8136406505,-0.8136406505,2.109935606
35.4,0.04519735191,-0.760523002,-0.760523002,2.13938318
35.425,0.0004119249626,-0.7066764388,-0.7066764388,2.168236789
35.45,-0.04432283759,-0.6521167544,-0.6521167544,2.196419089
35.475,-0.08891752104,-0.5968617955,-0.5968617955,2.223843737
35.5,-0.1332835051,-0.5409316756,-0.5409316756,2.250415107
35.525,-0.1773331368,-0.4843490244,-0.4843490244,2.276028043
35.55,-0.2209799001,-0.4271392148,-0.4271392148,2.300567712
35.575,-0.2641385811,-0.3693306179,-0.3693306179,2.323909545
35.6,-0.3067254289,-0.310954836,-0.310954836,2.3459193
35.625,-0.3486583122,-0.2520469483,-0.2520469483,2.36645328
35.65,-0.3898568703,-0.192645741,-0.192645741,2.3853587
35.675,-0.43024266,-0.1327939266,-0.1327939266,2.402474251
35.7,-0.4697392959,-0.07253835087,-0.07253835087,2.417630884
35.725,-0.5082725863,-0.01193017035,-0.01193017035,2.430652792
35.75,-0.5457706624,0.04897498991,0.04897498991,2.441358695
35.775,-0.582164102,0.1101169209,0.1101169209,2.44956332
35.8,-0.6173860465,0.1714307496,0.1714307496,2.455079194
35.825,-0.6513723125,0.2328469102,0.2328469102,2.457718696
35.85,-0.6840614959,0.2942911678,0.2942911678,2.457296353
35.875,-0.71539507,0.355684704,0.355684704,2.453631391
35.9,-0.7453174764,0.4169442682,0.4169442682,2.446550495
35.925,-0.7737762101,0.4779824011,0.4779824011,2.43589075
35.95,-0.8007218961,0.5387077319,0.5387077319,2.421502688
35.975,-0.8261083603,0.5990253535,0.5990253535,2.403253402
36,-0.849892693,0.6588372752,0.6588372752,2.381029652
36.025,-0.8720353052,0.7180429534,0.7180429534,2.354740866
36.05,-0.8924999778,0.7765398929,0.7765398929,2.32432196
36.075,-0.9112539038,0.8342243168,0.8342243168,2.289735881
36.1,-0.9282677235,0.8909918949,0.8909918949,2.250975782
36.125,-0.9435155524,0.9467385221,0.9467385221,2.208066751
36.15,-0.9569750022,1.001361133,1.001361133,2.161067006
36.175,-0.9686271948,1.05475854,1.05475854,2.110068494
36.2,-0.9784567691,1.106832273,1.106832273,2.055196855
36.225,-0.9864518816,1.15748742,1.15748742,1.996610722
36.25,-0.9926041993,1.206633432,1.206633432,1.934500342
36.275,-0.9969088871,1.254184893,1.254184893,1.869085549
36.3,-0.9993645871,1.300062223,1.300062223,1.800613147
36.325,-0.9999733931,1.344192319,1.344192319,1.729353736
36.35,-0.9987408176,1.386509103,1.386509103,1.655598074
36.375,-0.9956757532,1.426953976,1.426953976,1.579653116
36.4,-0.9907904279,1.46547617,1.46547617,1.501837806
36.425,-0.9841003542,1.502033,1.502033,1.422478678
36.45,-0.9756242733,1.536589989,1.536589989,1.341905601
36.475,-0.9653840929,1.569120905,1.569120905,1.260447427
36.5,-0.9534048205,1.599607686,1.599607686,1.178428076
36.525,-0.939714491,1.628040262,1.628040262,1.096162687
36.55,-0.9243440897,1.6544163,1.6544163,1.013954392
36.575,-0.9073274705,1.678740863,1.678740863,0.9320912846
36.6,-0.8887012697,1.701026002,1.701026002,0.85084406
36.625,-0.8685048154,1.721290299,1.721290299,0.7704640084
36.65,-0.8467800332,1.739558355,1.739558355,0.6911815737
36.675,-0.8235713477,1.755860269,1.755860269,0.6132053668
36.7,-0.7989255806,1.770231067,1.770231067,0.5367216328
36.725,-0.7728918457,1.782710158,1.782710158,0.4618941398
36.75,-0.7455214401,1.793340762,1.793340762,0.3888644394
36.775,-0.7168677337,1.802169367,1.802169367,0.3177524488
36.8,-0.6869860551,1.809245197,1.809245197,0.2486572944
36.825,-0.6559335756,1.814619706,1.814619706,0.1816584004
36.85,-0.6237691909,1.818346098,1.818346098,0.1168167104
36.875,-0.5905534011,1.820478887,1.820478887,0.05417605561
36.9,-0.5563481893,1.821073482,1.821073482,-0.006235409192
36.925,-0.521216898,1.820185813,1.820185813,-0.06440373443
36.95,-0.4852241058,1.817872001,1.817872001,-0.1203276956
36.975,-0.4484355013,1.814188051,1.814188051,-0.1740173392
37,-0.4109177585,1.80918959,1.80918959,-0.2254925737
37.025,-0.3727384099,1.802931641,1.802931641,-0.2747818275
37.05,-0.333965721,1.795468419,1.795468419,-0.3219207852
37.075,-0.2946685636,1.786853174,1.786853174,-0.3669512081
37.1,-0.25491629,1.777138042,1.777138042,-0.4099198512
37.125,-0.2147786082,1.766373941,1.766373941,-0.45087748
37.15,-0.1743254566,1.754610478,1.754610478,-0.4898779787
37.175,-0.1336268809,1.741895883,1.741895883,-0.5269775518
37.2,-0.09275291147,1.72827696,1.72827696,-0.5622340307
37.225,-0.05177344218,1.713799051,1.713799051,-0.59570625
37.25,-0.01075811106,1.698506022,1.698506022,-0.6274535187
37.275,0.03022381751,1.682440255,1.682440255,-0.6575351673
37.3,0.07110356861,1.665642652,1.665642652,-0.6860101523
37.325,0.1118129704,1.64815265,1.64815265,-0.7129367474
37.35,0.1522845654,1.63000824,1.63000824,-0.7383722651
37.375,0.1924517194,1.611245994,1.611245994,-0.7623728584
37.4,0.2322487279,1.591901098,1.591901098,-0.7849933408
37.425,0.2716109192,1.572007383,1.572007383,-0.8062870728
37.45,0.310474755,1.551597368,1.551597368,-0.8263058618
37.475,0.3487779279,1.530702296,1.530702296,-0.8450999081
37.5,0.386459456,1.509352173,1.509352173,-0.8627177704
37.525,0.4234597729,1.487575818,1.487575818,-0.8792063541
37.55,0.4597208162,1.465400889,1.465400889,-0.8946109198
37.575,0.4951861107,1.44285394,1.44285394,-0.9089751111
37.6,0.5298008492,1.419960453,1.419960453,-0.9223409877
37.625,0.5635119686,1.396744872,1.396744872,-0.9347490736
37.65,0.5962682231,1.373230654,1.373230654,-0.9462384212
37.675,0.6280202527,1.349440293,1.349440293,-0.9568466631
37.7,0.6587206483,1.325395361,1.325395361,-0.9666100882
37.725,0.6883240126,1.301116537,1.301116537,-0.9755637132
37.75,0.7167870169,1.276623641,1.276623641,-0.9837413482
37.775,0.7440684537,1.251935663,1.251935663,-0.9911756847
37.8,0.7701292855,1.227070788,1.227070788,-0.9978983575
37.825,0.7949326892,1.20204642,1.20204642,-1.003940026
37.85,0.8184440962,1.176879213,1.176879213,-1.009330448
37.875,0.8406312285,1.151585084,1.151585084,-1.014098545
37.9,0.8614641307,1.126179237,1.126179237,-1.018272478
37.925,0.8809151973,1.100676182,1.100676182,-1.021879709
37.95,0.8989591967,1.07508975,1.07508975,-1.024947062
37.975,0.9155732899,1.049433109,1.049433109,-1.027500793
38,0.9307370463,1.023718776,1.023718776,-1.029566631
38.025,0.9444324541,0.9979586328,0.9979586328,-1.031169841
38.05,0.9566439278,0.9721639325,0.9721639325,-1.032335271
38.075,0.9673583108,0.9463453133,0.9463453133,-1.033087388
38.1,0.9765648746,0.9205128062,0.9205128062,-1.033450331
38.125,0.9842553137,0.8946758413,0.8946758413,-1.033447935
38.15,0.9904237371,0.8688432573,0.8688432573,-1.033103768
38.175,0.9950666552,0.8430233066,0.8430233066,-1.032441159
38.2,0.9981829638,0.8172236604,0.8172236604,-1.031483216
38.225,0.9997739244,0.7914514158,0.7914514158,-1.030252849
38.25,0.9998431402,0.7657130989,0.7657130989,-1.02877278
38.275,0.9983965292,0.7400146697,0.7400146697,-1.027065559
38.3,0.9954422944,0.7143615272,0.7143615272,-1.025153562
38.325,0.9909908896,0.6887585131,0.6887585131,-1.023058995
38.35,0.9850549826,0.6632099153,0.6632099153,-1.020803894
38.375,0.9776494159,0.6377194737,0.6377194737,-1.018410115
38.4,0.9687911632,0.6122903847,0.6122903847,-1.015899323
38.425,0.9584992841,0.5869253041,0.5869253041,-1.013292976
38.45,0.9467948756,0.5616263548,0.5616263548,-1.010612313
38.475,0.9337010209,0.5363951328,0.5363951328,-1.007878319
38.5,0.9192427361,0.5112327111,0.5112327111,-1.00511171
38.525,0.9034469139,0.4861396485,0.4861396485,-1.002332905
38.55,0.8863422656,0.4611159995,0.4611159995,-0.9995619792
38.575,0.867959261,0.43616132,0.43616132,-0.996818638
38.6,0.8483300655,0.4112746771,0.4112746771,-0.9941221838
38.625,0.8274884761,0.3864546625,0.3864546625,-0.9914914631
38.65,0.8054698556,0.3616994032,0.3616994032,-0.9889448226
38.675,0.7823110647,0.3370065724,0.3370065724,-0.9865000735
38.7,0.7580503931,0.3123734066,0.3123734066,-0.984174431
38.725,0.7327274887,0.2877967202,0.2877967202,-0.9819844655
38.75,0.7063832861,0.2632729201,0.2632729201,-0.9799460568
38.775,0.6790599338,0.238798028,0.238798028,-0.9780743274
38.8,0.6508007204,0.2143676955,0.2143676955,-0.976383596
38.825,0.6216499997,0.1899772273,0.1899772273,-0.9748873179
38.85,0.5916531154,0.1656216045,0.1656216045,-0.9735980212
38.875,0.5608563255,0.1412955049,0.1412955049,-0.9725272565
38.9,0.5293067252,0.1169933326,0.1169933326,-0.9716855292
38.925,0.4970521706,0.09270924118,0.09270924118,-0.971082245
38.95,0.4641412017,0.0684371643,0.0684371643,-0.9707256467
38.975,0.430622965,0.04417084426,0.04417084426,-0.9706227565
39,0.3965471366,0.01990386404,0.01990386404,-0.9707793153
39.025,0.3619638453,-0.004370320625,-0.004370320625,-0.9711997259
39.05,0.3269235956,-0.02865834651,-0.02865834651,-0.9718869944
39.075,0.291477192,-0.05296690752,-0.05296690752,-0.9728426751
39.1,0.2556756624,-0.07730271784,-0.07730271784,-0.9740668167
39.125,0.2195701834,-0.1016724734,-0.1016724734,-0.9755579099
39.15,0.1832120056,-0.1260828124,-0.1260828124,-0.9773128381
39.175,0.1466523796,-0.1505402747,-0.1505402747,-0.9793268312
39.2,0.1099424834,-0.1750512595,-0.1750512595,-0.9815934219
39.225,0.07313335023,-0.1996219829,-0.1996219829,-0.9841044066
39.25,0.0362757981,-0.2242584338,-0.2242584338,-0.9868498093
39.275,-0.0005796401746,-0.2489663291,-0.2489663291,-0.9898178519
39.3,-0.03738278518,-0.2737510689,-0.2737510689,-0.9929949275
39.325,-0.07408387799,-0.2986176891,-0.2986176891,-0.9963655812
39.35,-0.1106336458,-0.3235708173,-0.3235708173,-0.9999124963
39.375,-0.146983366,-0.3486146234,-0.3486146234,-1.003616488
39.4,-0.1830849286,-0.3737527758,-0.3737527758,-1.007456501
39.425,-0.2188908977,-0.3989883916,-0.3989883916,-1.011409624
39.45,-0.2543545697,-0.4243239937,-0.4243239937,-1.015451101
39.475,-0.2894300318,-0.4497614621,-0.4497614621,-1.019554362
39.5,-0.3240722167,-0.4753019908,-0.4753019908,-1.023691056
39.525,-0.3582369571,-0.5009460434,-0.5009460434,-1.027831102
39.55,-0.3918810369,-0.5266933096,-0.5266933096,-1.031942746
39.575,-0.4249622414,-0.5525426666,-0.5525426666,-1.035992625
39.6,-0.4574394047,-0.578492136,-0.578492136,-1.039945865
39.625,-0.4892724561,-0.6045388522,-0.6045388522,-1.043766154
39.65,-0.520422463,-0.6306790228,-0.6306790228,-1.047415871
39.675,-0.5508516731,-0.6569079009,-0.6569079009,-1.050856201
39.7,-0.580523553,-0.6832197562,-0.6832197562,-1.05404725
39.725,-0.6094028264,-0.7096078467,-0.7096078467,-1.056948241
39.75,-0.6374555079,-0.7360644046,-0.7360644046,-1.059517629
39.775,-0.6646489371,-0.7625806141,-0.7625806141,-1.061713295
39.8,-0.6909518078,-0.7891466009,-0.7891466009,-1.063492755
39.825,-0.7163341973,-0.8157514279,-0.8157514279,-1.064813326
39.85,-0.7407675921,-0.8423830877,-0.8423830877,-1.065632362
39.875,-0.7642249117,-0.869028513,-0.869028513,-1.065907483
39.9,-0.7866805302,-0.8956735799,-0.8956735799,-1.065596779
39.925,-0.8081102955,-0.9223031266,-0.9223031266,-1.064659088
39.95,-0.8284915466,-0.9489009742,-0.9489009742,-1.063054212
39.975,-0.8478031282,-0.9754499521,-0.9754499521,-1.060743183
40,-0.8660254038,-1.001931936,-1.001931936,-1.057688512
40.025,-0.8831402654,-1.028327882,-1.028327882,-1.053854435
40.05,-0.8991311423,-1.054617881,-1.054617881,-1.049207171
40.075,-0.9139830071,-1.0807812,-1.0807812,-1.043715152
40.1,-0.9276823795,-1.106796355,-1.106796355,-1.037349268
40.125,-0.9402173283,-1.13264116,-1.13264116,-1.030083072
40.15,-0.9515774711,-1.158292809,-1.158292809,-1.021893005
40.175,-0.961753972,-1.18372794,-1.18372794,-1.012758565
40.2,-0.9707395373,-1.208922723,-1.208922723,-1.002662492
40.225,-0.9785284094,-1.233852934,-1.233852934,-0.991590896
40.25,-0.9851163583,-1.258494051,-1.258494051,-0.9795333911
40.275,-0.9905006716,-1.28282133,-1.28282133,-0.9664831754
40.3,-0.9946801429,-1.306809909,-1.306809909,-0.9524370985
40.325,-0.9976550572,-1.33043489,-1.33043489,-0.9373956902
40.35,-0.9994271765,-1.353671434,-1.353671434,-0.9213631582
40.375,-0.9999997213,-1.376494853,-1.376494853,-0.9043473579
40.4,-0.9993773529,-1.398880702,-1.398880702,-0.8863597195
40.425,-0.9975661519,-1.420804863,-1.420804863,-0.8674151582
40.45,-0.9945735965,-1.442243637,-1.442243637,-0.847531933
40.475,-0.9904085392,-1.463173816,-1.463173816,-0.8267315004
40.5,-0.9850811811,-1.483572771,-1.483572771,-0.8050383113
40.525,-0.978603046,-1.503418518,-1.503418518,-0.7824796145
40.55,-0.9709869523,-1.522689787,-1.522689787,-0.7590852018
40.575,-0.9622469838,-1.541366081,-1.541366081,-0.7348871715
40.6,-0.95239846,-1.559427732,-1.559427732,-0.7099196343
40.625,-0.941457904,-1.576855948,-1.576855948,-0.6842184497
40.65,-0.92944301,-1.593632851,-1.593632851,-0.6578209055
40.675,-0.9163726099,-1.609741511,-1.609741511,-0.6307654433
40.7,-0.9022666387,-1.625165968,-1.625165968,-0.6030913254
40.725,-0.8871460987,-1.639891253,-1.639891253,-0.5748383629
40.75,-0.8710330232,-1.653903396,-1.653903396,-0.5460465868
40.775,-0.8539504394,-1.667189426,-1.667189426,-0.5167559886
40.8,-0.8359223301,-1.679737369,-1.679737369,-0.4870062145
40.825,-0.8169735956,-1.691536236,-1.691536236,-0.4568363199
40.85,-0.7971300138,-1.702576003,-1.702576003,-0.4262845114
40.875,-0.7764182008,-1.712847588,-1.712847588,-0.3953879103
40.9,-0.7548655704,-1.722342824,-1.722342824,-0.3641823584
40.925,-0.7325002935,-1.731054418,-1.731054418,-0.3327021978
40.95,-0.7093512564,-1.738975919,-1.738975919,-0.3009801309
40.975,-0.6854480198,-1.746101667,-1.746101667,-0.2690470498
41,-0.6608207772,-1.752426754,-1.752426754,-0.2369319155
41.025,-0.6355003121,-1.757946971,-1.757946971,-0.2046616607
41.05,-0.6095179567,-1.762658752,-1.762658752,-0.1722610898
41.075,-0.5829055492,-1.766559128,-1.766559128,-0.1397528279
41.1,-0.5556953917,-1.769645667,-1.769645667,-0.1071572709
41.125,-0.5279202079,-1.771916416,-1.771916416,-0.07449255623
41.15,-0.4996131007,-1.773369851,-1.773369851,-0.04177455723
41.175,-0.4708075105,-1.774004814,-1.774004814,-0.009016885234
41.2,-0.4415371727,-1.77382046,-1.77382046,0.02376909095
41.225,-0.4118360766,-1.772816201,-1.772816201,0.05657421306
41.25,-0.3817384235,-1.770991649,-1.770991649,0.08939149229
41.275,-0.3512785854,-1.768346566,-1.768346566,0.1222160581
41.3,-0.3204910649,-1.764880809,-1.764880809,0.1550450988
41.325,-0.289410454,-1.760594281,-1.760594281,0.1878777975
41.35,-0.2580713947,-1.75548688,-1.75548688,0.2207152619
41.375,-0.2265085392,-1.749558454,-1.749558454,0.253560448
41.4,-0.194756511,-1.742808755,-1.742808755,0.2864180909
41.425,-0.1628498667,-1.735237393,-1.735237393,0.319294615
41.45,-0.1308230577,-1.726843799,-1.726843799,0.3521980691
41.475,-0.09871039383,-1.717627186,-1.717627186,0.3851380393
41.5,-0.06654600607,-1.707586501,-1.707586501,0.4181255704
41.525,-0.03436381126,-1.696720407,-1.696720407,0.4511731005
41.55,-0.002197476843,-1.685027233,-1.685027233,0.484294371
41.575,0.02991961336,-1.672504949,-1.672504949,0.5175043657
41.6,0.06195439268,-1.659151141,-1.659151141,0.550819241
41.625,0.0938741442,-1.64496297,-1.64496297,0.5842562446
41.65,0.1256465327,-1.629937158,-1.629937158,0.617833665
41.675,0.1572396354,-1.614069957,-1.614069957,0.6515707638
41.7,0.1886219724,-1.597357122,-1.597357122,0.6854877008
41.725,0.2197625353,-1.579793897,-1.579793897,0.7196054898
41.75,0.2506308159,-1.561374992,-1.561374992,0.7539459338
41.775,0.2811968332,-1.542094558,-1.542094558,0.7885315502
41.8,0.3114311597,-1.521946178,-1.521946178,0.8233855278
41.825,0.3413049469,-1.500922847,-1.500922847,0.8585316608
41.85,0.3707899493,-1.479016958,-1.479016958,0.8939942663
41.875,0.3998585481,-1.45622029,-1.45622029,0.9297981305
41.9,0.4284837731,-1.432523998,-1.432523998,0.9659684382
41.925,0.4566393243,-1.407918603,-1.407918603,1.002530669
41.95,0.4842995917,-1.382393985,-1.382393985,1.039510516
41.975,0.511439675,-1.355939381,-1.355939381,1.0769338
42,0.5380354015,-1.328543384,-1.328543384,1.114826345
42.025,0.5640633431,-1.30019394,-1.30019394,1.153213813
42.05,0.5895008324,-1.270878358,-1.270878358,1.192121621
42.075,0.6143259777,-1.240583313,-1.240583313,1.231574766
42.1,0.6385176769,-1.20929487,-1.20929487,1.271597558
42.125,0.6620556307,-1.176998493,-1.176998493,1.312213471
42.15,0.6849203538,-1.143679068,-1.143679068,1.353444922
42.175,0.7070931863,-1.109320941,-1.109320941,1.395312922
42.2,0.7285563031,-1.073907956,-1.073907956,1.437836761
42.225,0.7492927227,-1.037423493,-1.037423493,1.481033714
42.25,0.769286315,-0.9998505371,-0.9998505371,1.524918541
42.275,0.7885218079,-0.9611717356,-0.9611717356,1.56950307
42.3,0.806984793,-0.9213694805,-0.9213694805,1.614795696
42.325,0.8246617302,-0.8804260127,-0.8804260127,1.6608007
42.35,0.8415399516,-0.8383235114,-0.8383235114,1.707517714
42.375,0.857607664,-0.7950442401,-0.7950442401,1.7549409
42.4,0.8728539507,-0.7505706811,-0.7505706811,1.80305817
42.425,0.8872687726,-0.704885705,-0.704885705,1.851850318
42.45,0.9008429677,-0.6579727668,-0.6579727668,1.901289979
42.475,0.9135682503,-0.6098161115,-0.6098161115,1.951340643
42.5,0.9254372092,-0.5604010304,-0.5604010304,2.001955418
42.525,0.9364433046,-0.5097141233,-0.5097141233,2.053075862
42.55,0.9465808648,-0.4577436138,-0.4577436138,2.104630603
42.575,0.9558450813,-0.4044796837,-0.4044796837,2.156533985
42.6,0.9642320039,-0.3499148492,-0.3499148492,2.208684603
42.625,0.9717385343,-0.2940443769,-0.2940443769,2.260963802
42.65,0.9783624193,-0.2368667272,-0.2368667272,2.313234199
42.675,0.9841022432,-0.1783840475,-0.1783840475,2.365338168
42.7,0.9889574192,-0.1186026932,-0.1186026932,2.417096428
42.725,0.9929281805,-0.05753378597,-0.05753378597,2.468306724
42.75,0.9960155703,0.004806196843,0.004806196843,2.518742667
42.775,0.9982214315,0.06839480631,0.06839480631,2.568152825
42.8,0.9995483954,0.1332029881,0.1332029881,2.616260117
42.825,0.9999998699,0.1991944376,0.1991944376,2.662761619
42.85,0.9995800272,0.266324957,0.266324957,2.707328856
42.875,0.998293791,0.3345418257,0.3345418257,2.749608703
42.9,0.9961468225,0.4037832016,0.4037832016,2.789224975
42.925,0.993145507,0.4739775751,0.4739775751,2.825780789
42.95,0.9892969388,0.5450432889,0.5450432889,2.858861871
42.975,0.9846089064,0.6168881528,0.6168881528,2.888040737
43,0.9790898769,0.6894091782,0.6894091782,2.912881884
43.025,0.9727489803,0.7624924538,0.7624924538,2.932948055
43.05,0.9655959927,0.8360131871,0.8360131871,2.947807384
43.075,0.9576413199,0.9098359401,0.9098359401,2.957041474
43.1,0.9488959803,0.9838150742,0.9838150742,2.96025423
43.125,0.9393715871,1.057795425,1.057795425,2.957081238
43.15,0.9290803309,1.131613215,1.131613215,2.947199423
43.175,0.9180349615,1.205097205,1.205097205,2.930336689
43.2,0.9062487696,1.27807009,1.27807009,2.906281168
43.225,0.893735568,1.35035011,1.35035011,2.874889684
43.25,0.8805096733,1.421752859,1.421752859,2.836095042
43.275,0.8665858864,1.492093266,1.492093266,2.789911737
43.3,0.8519794735,1.561187682,1.561187682,2.736439745
43.325,0.8367061468,1.628856048,1.628856048,2.67586611
43.35,0.820782045,1.694924062,1.694924062,2.60846415
43.375,0.8042237139,1.759225301,1.759225301,2.534590186
43.4,0.7870480865,1.821603232,1.821603232,2.454677853
43.425,0.7692724632,1.881913049,1.881913049,2.369230155
43.45,0.7509144924,1.940023286,1.940023286,2.278809558
43.475,0.7319921503,1.995817163,1.995817163,2.184026469
43.5,0.7125237216,2.049193629,2.049193629,2.085526607
43.525,0.6925277789,2.100068083,2.100068083,1.983977804
43.55,0.6720231639,2.148372751,2.148372751,1.880056624
43.575,0.6510289669,2.194056751,2.194056751,1.774435403
43.6,0.6295645076,2.237085829,2.237085829,1.667770215
43.625,0.6076493155,2.277441814,2.277441814,1.56068997
43.65,0.5853031103,2.315121818,2.315121818,1.453787047
43.675,0.5625457828,2.350137226,2.350137226,1.347609674
43.7,0.5393973754,2.382512515,2.382512515,1.242656067
43.725,0.5158780637,2.412283945,2.412283945,1.139370384
43.75,0.4920081368,2.439498181,2.439498181,1.038140405
43.775,0.4678079794,2.464210867,2.464210867,0.9392968109
43.8,0.4432980529,2.486485209,2.486485209,0.8431138621
43.825,0.4184988773,2.506390578,2.506390578,0.7498112691
43.85,0.3934310133,2.524001188,2.524001188,0.6595570264
43.875,0.3681150443,2.539394843,2.539394843,0.5724709808
43.9,0.3425715589,2.552651782,2.552651782,0.4886289264
43.925,0.3168211341,2.563853634,2.563853634,0.4080670156
43.95,0.2908843178,2.573082484,2.573082484,0.3307862942
43.975,0.2647816121,2.580420053,2.580420053,0.2567572722
44,0.2385334576,2.585946988,2.585946988,0.1859243487
44.025,0.2121602165,2.589742264,2.589742264,0.1182100314
44.05,0.1856821574,2.591882686,2.591882686,0.05351887457
44.075,0.1591194397,2.592442489,2.592442489,-0.00825890479
44.1,0.1324920987,2.591493015,2.591493015,-0.06724416212
44.125,0.1058200303,2.589102478,2.589102478,-0.1235659212
44.15,0.07912297757,2.585335793,2.585335793,-0.1773588264
44.175,0.05242051575,2.58025446,2.58025446,-0.2287609415
44.2,0.02573203928,2.573916506,2.573916506,-0.2779118747
44.225,-0.0009232517724,2.566376463,2.566376463,-0.324951206
44.25,-0.02752636456,2.55768539,2.55768539,-0.3700171912
44.275,-0.05405852598,2.547890915,2.547890915,-0.4132457146
44.3,-0.08050119479,2.537037309,2.537037309,-0.4547694619
44.325,-0.1068360734,2.525165573,2.525165573,-0.4947172866
44.35,-0.133045119,2.512313538,2.512313538,-0.5332137441
44.375,-0.159110555,2.49851598,2.49851598,-0.5703787691
44.4,-0.1850148811,2.483804735,2.483804735,-0.606327475
44.425,-0.2107408836,2.468208823,2.468208823,-0.6411700548
44.45,-0.236271645,2.451754571,2.451754571,-0.6750117658
44.475,-0.2615905539,2.434465737,2.434465737,-0.7079529839
44.5,-0.2866813132,2.416363628,2.416363628,-0.740089311
44.525,-0.311527949,2.397467219,2.397467219,-0.7715117267
44.55,-0.3361148186,2.377793268,2.377793268,-0.8023067726
44.575,-0.3604266186,2.357356422,2.357356422,-0.832556763
44.6,-0.3844483914,2.336169319,2.336169319,-0.8623400088
44.625,-0.408165533,2.314242689,2.314242689,-0.8917310557
44.65,-0.4315637989,2.291585442,2.291585442,-0.9208009308
44.675,-0.4546293103,2.268204753,2.268204753,-0.9496173853
44.7,-0.47734856,2.244106144,2.244106144,-0.978245141
44.725,-0.4997084176,2.219293552,2.219293552,-1.006746135
44.75,-0.5216961343,2.193769398,2.193769398,-1.035179747
44.775,-0.5432993475,2.16753465,2.16753465,-1.06360304
44.8,-0.564506085,2.140588874,2.140588874,-1.092070962
44.825,-0.5853047687,2.112930287,2.112930287,-1.120636577
44.85,-0.6056842177,2.084555802,2.084555802,-1.149351236
44.875,-0.6256336518,2.055461068,2.055461068,-1.178264788
44.9,-0.6451426938,2.025640501,2.025640501,-1.207425735
44.925,-0.6642013716,1.995087324,1.995087324,-1.236881399
44.95,-0.6828001206,1.963793589,1.963793589,-1.266678073
44.975,-0.7009297847,1.9317502,1.9317502,-1.296861129
45,-0.7185816178,1.898946941,1.898946941,-1.327475169
45.025,-0.7357472845,1.865372485,1.865372485,-1.358564094
45.05,-0.7524188607,1.831014417,1.831014417,-1.390171189
45.075,-0.7685888338,1.79585925,1.79585925,-1.422339197
45.1,-0.7842501024,1.759892432,1.759892432,-1.45511035
45.125,-0.7993959758,1.723098359,1.723098359,-1.488526383
45.15,-0.8140201734,1.685460394,1.685460394,-1.522628536
45.175,-0.8281168235,1.646960876,1.646960876,-1.557457499
45.2,-0.8416804619,1.607581129,1.607581129,-1.593053368
45.225,-0.8547060303,1.567301486,1.567301486,-1.629455546
45.25,-0.867188874,1.52610131,1.52610131,-1.666702554
45.275,-0.8791247402,1.483959007,1.483959007,-1.704831897
45.3,-0.8905097748,1.44085206,1.44085206,-1.743879844
45.325,-0.9013405203,1.39675707,1.39675707,-1.783881068
45.35,-0.9116139121,1.35164979,1.35164979,-1.824868357
45.375,-0.9213272759,1.305505178,1.305505178,-1.866872223
45.4,-0.9304783234,1.258297475,1.258297475,-1.909920292
45.425,-0.9390651491,1.21000026,1.21000026,-1.954036856
45.45,-0.947086226,1.160586557,1.160586557,-1.999242164
45.475,-0.9545404017,1.11002895,1.11002895,-2.04555155
45.5,-0.9614268935,1.058299697,1.058299697,-2.092974714
45.525,-0.9677452841,1.005370906,1.005370906,-2.141514557
45.55,-0.9734955167,0.9512147028,0.9512147028,-2.191166114
45.575,-0.9786778902,0.8958034503,0.8958034503,-2.241915254
45.6,-0.9832930533,0.8391099971,0.8391099971,-2.293737187
45.625,-0.9873420001,0.7811079551,0.7811079551,-2.346594948
45.65,-0.9908260638,0.7217720383,0.7217720383,-2.40043753
45.675,-0.9937469114,0.6610784244,0.6610784244,-2.455198052
45.7,-0.9961065377,0.5990051877,0.5990051877,-2.510791595
45.725,-0.9979072594,0.5355327731,0.5355327731,-2.567113009
45.75,-0.999151709,0.4706445291,0.4706445291,-2.624034537
45.775,-0.9998428285,0.4043273113,0.4043273113,-2.681403332
45.8,-0.9999838629,0.3365721312,0.3365721312,-2.739038959
45.825,-0.9995783541,0.2673748852,0.2673748852,-2.796730836
45.85,-0.9986301341,0.1967371372,0.1967371372,-2.854235777
45.875,-0.9971433183,0.1246669616,0.1246669616,-2.911275688
45.9,-0.9951222986,0.05117984304,0.05117984304,-2.967535513
45.925,-0.9925717371,-0.0237003772,-0.0237003772,-3.02266159
45.95,-0.9894965585,-0.0999405217,-0.0999405217,-3.076260549
45.975,-0.9859019435,-0.1774970776,-0.1774970776,-3.127898934
46,-0.9817933219,-0.256315199,-0.256315199,-3.177103725
46.025,-0.977176365,-0.3363277356,-0.3363277356,-3.223363968
46.05,-0.9720569788,-0.4174543185,-0.4174543185,-3.2661337
46.075,-0.9664412968,-0.4996005362,-0.4996005362,-3.304836386
46.1,-0.9603356726,-0.5826572416,-0.5826572416,-3.338870969
46.125,-0.9537466728,-0.6665000373,-0.6665000373,-3.367619718
46.15,-0.9466810696,-0.750988972,-0.750988972,-3.390457946
46.175,-0.9391458336,-0.8359685074,-0.8359685074,-3.40676546
46.2,-0.9311481264,-0.9212677927,-0.9212677927,-3.415939752
46.225,-0.9226952933,-1.006701286,-1.006701286,-3.417410628
46.25,-0.9137948561,-1.092069759,-1.092069759,-3.410655894
46.275,-0.9044545056,-1.177161696,-1.177161696,-3.39521762
46.3,-0.8946820945,-1.261755105,-1.261755105,-3.370718343
46.325,-0.8844856299,-1.345619727,-1.345619727,-3.336876499
46.35,-0.8738732662,-1.42851961,-1.42851961,-3.293520307
46.375,-0.862853298,-1.510216,-1.510216,-3.240599292
46.4,-0.8514341524,-1.59047049,-1.59047049,-3.178192715
46.425,-0.8396243824,-1.669048332,-1.669048332,-3.106514261
46.45,-0.8274326595,-1.745721806,-1.745721806,-3.025912506
46.475,-0.8148677667,-1.820273558,-1.820273558,-2.936866923
46.5,-0.8019385914,-1.892499772,-1.892499772,-2.839979396
46.525,-0.7886541184,-1.962213083,-1.962213083,-2.735961543
46.55,-0.7750234232,-2.029245118,-2.029245118,-2.625618336
46.575,-0.7610556649,-2.093448599,-2.093448599,-2.50982878
46.6,-0.7467600796,-2.154698925,-2.154698925,-2.389524536
46.625,-0.7321459735,-2.212895216,-2.212895216,-2.265667532
46.65,-0.7172227166,-2.267960782,-2.267960782,-2.139227623
46.675,-0.7019997356,-2.319843052,-2.319843052,-2.011161047
46.7,-0.6864865079,-2.368512985,-2.368512985,-1.882390858
46.725,-0.6706925551,-2.413964022,-2.413964022,-1.753789789
46.75,-0.6546274365,-2.45621064,-2.45621064,-1.626166077
46.775,-0.6383007429,-2.4952866,-2.4952866,-1.500252534
46.8,-0.6217220907,-2.531242957,-2.531242957,-1.376698943
46.825,-0.6049011156,-2.564145925,-2.564145925,-1.25606765
46.85,-0.5878474668,-2.594074662,-2.594074662,-1.13883211
46.875,-0.5705708013,-2.621119066,-2.621119066,-1.025378031
46.9,-0.5530807777,-2.645377609,-2.645377609,-0.9160066818
46.925,-0.535387051,-2.666955292,-2.666955292,-0.8109399263
46.95,-0.5174992667,-2.685961734,-2.685961734,-0.7103265185
46.975,-0.499427056,-2.702509435,-2.702509435,-0.6142492277
47,-0.4811800296,-2.716712215,-2.716712215,-0.5227324781
47.025,-0.4627677732,-2.728683857,-2.728683857,-0.4357500596
47.05,-0.444199842,-2.738536937,-2.738536937,-0.3532327598
47.075,-0.4254857561,-2.746381838,-2.746381838,-0.2750756514
47.1,-0.4066349952,-2.752325945,-2.752325945,-0.2011448973
47.125,-0.3876569939,-2.756473003,-2.756473003,-0.1312839783
47.15,-0.3685611376,-2.758922616,-2.758922616,-0.06531928163
47.175,-0.3493567571,-2.759769889,-2.759769889,-0.003065029815
47.2,-0.3300531251,-2.759105175,-2.759105175,0.05567244735
47.225,-0.3106594511,-2.757013924,-2.757013924,0.1110910692
47.25,-0.2911848779,-2.753576619,-2.753576619,0.1633899521
47.275,-0.2716384769,-2.748868775,-2.748868775,0.2127668988
47.3,-0.252029245,-2.742961002,-2.742961002,0.2594163751
47.325,-0.2323660998,-2.735919104,-2.735919104,0.3035279188
47.35,-0.2126578767,-2.727804225,-2.727804225,0.3452849256
47.375,-0.1929133251,-2.718673007,-2.718673007,0.3848637589
47.4,-0.1731411046,-2.70857778,-2.70857778,0.4224331349
47.425,-0.1533497823,-2.697566755,-2.697566755,0.4581537383
47.45,-0.1335478289,-2.685684227,-2.685684227,0.4921780274
47.475,-0.1137436161,-2.672970785,-2.672970785,0.5246501943
47.5,-0.09394541361,-2.659463516,-2.659463516,0.5557062488
47.525,-0.07416138588,-2.645196205,-2.645196205,0.5854741981
47.55,-0.05439958976,-2.630199536,-2.630199536,0.6140743018
47.575,-0.0346679717,-2.61450128,-2.61450128,0.6416193813
47.6,-0.0149743653,-2.598126476,-2.598126476,0.6682151677
47.625,0.004673511121,-2.581097605,-2.581097605,0.6939606767
47.65,0.0242680568,-2.563434754,-2.563434754,0.7189485981
47.675,0.04380179067,-2.545155764,-2.545155764,0.7432656925
47.7,0.06326735343,-2.526276381,-2.526276381,0.766993187
47.725,0.0826575095,-2.506810383,-2.506810383,0.7902071661
47.75,0.1019651488,-2.486769706,-2.486769706,0.8129789534
47.775,0.1211832886,-2.466164561,-2.466164561,0.8353754825
47.8,0.140305075,-2.445003534,-2.445003534,0.8574596501
47.825,0.1593237843,-2.423293687,-2.423293687,0.879290655
47.85,0.178232825,-2.401040645,-2.401040645,0.900924324
47.875,0.1970257382,-2.378248675,-2.378248675,0.922413413
47.9,0.2156961996,-2.354920762,-2.354920762,0.9438078989
47.925,0.2342380202,-2.331058673,-2.331058673,0.9651552505
47.95,0.2526451472,-2.306663015,-2.306663015,0.9865006799
47.975,0.2709116652,-2.281733294,-2.281733294,1.007887389
48,0.2890317969,-2.256267956,-2.256267956,1.029356781
48.025,0.3069999037,-2.230264434,-2.230264434,1.050948683
48.05,0.3248104862,-2.20371918,-2.20371918,1.072701525
48.075,0.342458185,-2.176627706,-2.176627706,1.094652533
48.1,0.3599377811,-2.148984601,-2.148984601,1.116837889
48.125,0.377244196,-2.120783564,-2.120783564,1.139292881
48.15,0.3943724921,-2.092017422,-2.092017422,1.162052065
48.175,0.4113178729,-2.062678143,-2.062678143,1.185149367
48.2,0.4280756829,-2.032756856,-2.032756856,1.208618219
48.225,0.444641408,-2.00224386,-2.00224386,1.23249168
48.25,0.4610106748,-1.971128628,-1.971128628,1.256802496
48.275,0.4771792511,-1.939399819,-1.939399819,1.281583212
48.3,0.4931430451,-1.907045281,-1.907045281,1.306866248
48.325,0.5088981054,-1.874052051,-1.874052051,1.332683937
48.35,0.5244406208,-1.840406359,-1.840406359,1.35906859
48.375,0.5397669192,-1.806093628,-1.806093628,1.386052531
48.4,0.5548734678,-1.77109847,-1.77109847,1.413668104
48.425,0.569756872,-1.735404689,-1.735404689,1.441947694
48.45,0.5844138749,-1.698995282,-1.698995282,1.470923694
48.475,0.5988413569,-1.661852431,-1.661852431,1.500628485
48.5,0.6130363343,-1.623957514,-1.623957514,1.531094386
48.525,0.6269959588,-1.585291102,-1.585291102,1.562353547
48.55,0.6407175168,-1.545832961,-1.545832961,1.594437874
48.575,0.6541984281,-1.505562068,-1.505562068,1.627378893
48.6,0.6674362449,-1.464456619,-1.464456619,1.661207531
48.625,0.6804286511,-1.422494043,-1.422494043,1.695953968
48.65,0.6931734607,-1.379651028,-1.379651028,1.731647371
48.675,0.7056686169,-1.335903551,-1.335903551,1.768315532
48.7,0.7179121911,-1.291226911,-1.291226911,1.805984601
48.725,0.729902381,-1.245595778,-1.245595778,1.844678633
48.75,0.7416375101,-1.198984259,-1.198984259,1.884419048
48.775,0.7531160257,-1.151365953,-1.151365953,1.925224182
48.8,0.7643364979,-1.102714054,-1.102714054,1.967108554
48.825,0.7752976179,-1.053001448,-1.053001448,2.010082151
48.85,0.7859981969,-1.002200828,-1.002200828,2.054149654
48.875,0.7964371643,-0.9502848611,-0.9502848611,2.099309371
48.9,0.8066135662,-0.8972263302,-0.8972263302,2.145552337
48.925,0.8165265641,-0.8429983607,-0.8429983607,2.192860978
48.95,0.8261754331,-0.787574626,-0.787574626,2.241207919
48.975,0.83555956,-0.7309296312,-0.7309296312,2.290554454
49,0.8446784425,-0.673038999,-0.673038999,2.340849013
49.025,0.8535316865,-0.6138798276,-0.6138798276,2.392025403
49.05,0.8621190053,-0.5534310638,-0.5534310638,2.444000993
49.075,0.8704402172,-0.4916739547,-0.4916739547,2.496674696
49.1,0.8784952443,-0.4285925187,-0.4285925187,2.549924952
49.125,0.8862841104,-0.3641740969,-0.3641740969,2.603607523
49.15,0.8938069392,-0.2984099415,-0.2984099415,2.657553344
49.175,0.9010639529,-0.2312958622,-0.2312958622,2.711566333
49.2,0.90805547,-0.1628329328,-0.1628329328,2.765421283
49.225,0.9147819036,-0.09302824149,-0.09302824149,2.818861912
49.25,0.9212437596,-0.02189568946,-0.02189568946,2.871599155
49.275,0.9274416349,0.05054317092,0.05054317092,2.923309801
49.3,0.9333762156,0.1242582702,0.1242582702,2.973635622
49.325,0.9390482747,0.1992101425,0.1992101425,3.022183126
49.35,0.944458671,0.275349048,0.275349048,3.068524084
49.375,0.9496083465,0.3526141213,0.3526141213,3.112197002
49.4,0.9544983251,0.4309325702,0.4309325702,3.152709691
49.425,0.9591297101,0.5102189524,0.5102189524,3.189543122
49.45,0.9635036831,0.5903745646,0.5903745646,3.222156639
49.475,0.9676215013,0.6712869896,0.6712869896,3.249994669
49.5,0.9714844963,0.7528298165,0.7528298165,3.272495019
49.525,0.9750940717,0.8348625975,0.8348625975,3.289098646
49.55,0.9784517017,0.9172310634,0.9172310634,3.299260875
49.575,0.9815589288,0.9997676365,0.9997676365,3.302463866
49.6,0.9844173621,1.082292268,1.082292268,3.298230026
49.625,0.9870286755,1.164613617,1.164613617,3.286135963
49.65,0.9893946057,1.246530581,1.246530581,3.265826485
49.675,0.9915169506,1.327834174,1.327834174,3.23702808
49.7,0.9933975671,1.408309719,1.408309719,3.199561225
49.725,0.9950383695,1.487739341,1.487739341,3.153350877
49.75,0.9964413276,1.56590468,1.56590468,3.098434512
49.775,0.9976084649,1.642589775,1.642589775,3.034967157
49.8,0.9985418569,1.717584032,1.717584032,2.963222979
49.825,0.999243629,1.79068518,1.79068518,2.883593154
49.85,0.9997159551,1.861702133,1.861702133,2.796579951
49.875,0.9999610555,1.930457656,1.930457656,2.702787163
49.9,0.9999811954,1.996790745,1.996790745,2.602907229
49.925,0.9997786829,2.060558654,2.060558654,2.497705595
49.95,0.9993558676,2.121638506,2.121638506,2.388003009
49.975,0.9987151387,2.179928435,2.179928435,2.274656584
50,0.9978589232,2.235348254,2.235348254,2.158540358
